[
{"city_id": "cr-city-001", "id": "0865afd5-4498-4b00-8eb1-bdca2989b826", "name": "San Francisco de Dos R\u00edos", "slug": "san-francisco-de-dos-r\u00edos", "status": "active"},
{"city_id": "cr-city-001", "id": "1fe42c94-52cf-44c5-aa0e-257795b26b98", "name": "V\u00e1zquez Dent", "slug": "v\u00e1zquez-dent", "status": "active"},
{"city_id": "cr-city-001", "id": "57afe7a4-04c1-46d1-8e65-057491871ab0", "name": "La Margarita", "slug": "la-margarita", "status": "active"},
{"city_id": "cr-city-001", "id": "6445ef8a-ae41-4811-9cdd-e59d54042066", "name": "La Uruca", "slug": "la-uruca", "status": "active"},
{"city_id": "cr-city-001", "id": "7bca0fc2-3e8b-4f8a-8746-5f16beb5464b", "name": "Calle Blancos", "slug": "calle-blancos", "status": "active"},
{"city_id": "cr-city-001", "id": "98b44ca0-1cf3-41d6-b8c0-9383dea7fb3c", "name": "Los Yoses", "slug": "los-yoses", "status": "active"},
{"city_id": "cr-city-001", "id": "b45cbbe3-3778-4243-9fc6-b3706e61f408", "name": "Mata Redonda", "slug": "mata-redonda", "status": "active"},
{"city_id": "cr-city-001", "id": "cr-area-0001", "name": "Carmen", "slug": "carmen", "status": "active"},
{"city_id": "cr-city-001", "id": "cr-area-0002", "name": "Merced", "slug": "merced", "status": "active"},
{"city_id": "cr-city-001", "id": "cr-area-0003", "name": "Hospital", "slug": "hospital", "status": "active"},
{"city_id": "cr-city-001", "id": "cr-area-0004", "name": "Zapote", "slug": "zapote", "status": "active"},
{"city_id": "cr-city-001", "id": "cr-area-0005", "name": "Pavas", "slug": "pavas", "status": "active"},
{"city_id": "cr-city-001", "id": "cr-area-0006", "name": "Hatillo", "slug": "hatillo", "status": "active"},
{"city_id": "cr-city-001", "id": "cr-area-0007", "name": "San Sebasti\u00e1n", "slug": "san-sebastian", "status": "active"},
{"city_id": "cr-city-002", "id": "cr-area-0101", "name": "Escaz\u00fa Centro", "slug": "escazu-centro", "status": "active"},
{"city_id": "cr-city-002", "id": "cr-area-0102", "name": "San Rafael", "slug": "san-rafael", "status": "active"},
{"city_id": "cr-city-002", "id": "cr-area-0103", "name": "Guachipel\u00edn", "slug": "guachipelin", "status": "active"},
{"city_id": "cr-city-003", "id": "cr-area-0201", "name": "San Miguel", "slug": "san-miguel", "status": "active"},
{"city_id": "cr-city-003", "id": "cr-area-0202", "name": "Gravilias", "slug": "gravilias", "status": "active"},
{"city_id": "cr-city-003", "id": "cr-area-0203", "name": "Patarr\u00e1", "slug": "patarra", "status": "active"},
{"city_id": "cr-city-003", "id": "cr-area-0204", "name": "Frailes", "slug": "frailes", "status": "active"},
{"city_id": "cr-city-004", "id": "cr-area-0301", "name": "Granadilla", "slug": "granadilla", "status": "active"},
{"city_id": "cr-city-004", "id": "cr-area-0302", "name": "Tirrases", "slug": "tirrases", "status": "active"},
{"city_id": "cr-city-004", "id": "cr-area-0303", "name": "S\u00e1nchez", "slug": "sanchez", "status": "active"},
{"city_id": "cr-city-005", "id": "cr-area-0401", "name": "Santa Ana Centro", "slug": "santa-ana-centro", "status": "active"},
{"city_id": "cr-city-005", "id": "cr-area-0402", "name": "Pozos", "slug": "pozos", "status": "active"},
{"city_id": "cr-city-005", "id": "cr-area-0403", "name": "Brasil", "slug": "brasil", "status": "active"},
{"city_id": "cr-city-006", "id": "cr-area-0501", "name": "San Juan", "slug": "san-juan", "status": "active"},
{"city_id": "cr-city-006", "id": "cr-area-0502", "name": "Cinco Esquinas", "slug": "cinco-esquinas", "status": "active"},
{"city_id": "cr-city-006", "id": "cr-area-0503", "name": "Anselmo Llorente", "slug": "anselmo-llorente", "status": "active"},
{"city_id": "cr-city-007", "id": "cr-area-0601", "name": "San Vicente", "slug": "san-vicente", "status": "active"},
{"city_id": "cr-city-007", "id": "cr-area-0602", "name": "La Trinidad", "slug": "la-trinidad", "status": "active"},
{"city_id": "cr-city-007", "id": "cr-area-0603", "name": "San Jer\u00f3nimo", "slug": "san-jeronimo", "status": "active"},
{"city_id": "cr-city-008", "id": "cr-area-0701", "name": "Guadalupe", "slug": "guadalupe", "status": "active"},
{"city_id": "cr-city-008", "id": "cr-area-0702", "name": "Ip\u00eds", "slug": "ipis", "status": "active"},
{"city_id": "cr-city-008", "id": "cr-area-0703", "name": "Rancho Redondo", "slug": "rancho-redondo", "status": "active"},
{"city_id": "cr-city-008", "id": "cr-area-0704", "name": "Purral", "slug": "purral", "status": "active"},
{"city_id": "cr-city-035", "id": "cr-area-0801", "name": "Aserr\u00ed Centro", "slug": "aserri-centro", "status": "active"},
{"city_id": "cr-city-035", "id": "cr-area-0802", "name": "San Ignacio", "slug": "san-ignacio", "status": "active"},
{"city_id": "cr-city-035", "id": "cr-area-0803", "name": "Legua", "slug": "legua", "status": "active"},
{"city_id": "cr-city-036", "id": "cr-area-0901", "name": "San Josecito", "slug": "san-josecito", "status": "active"},
{"city_id": "cr-city-036", "id": "cr-area-0902", "name": "Concepci\u00f3n", "slug": "concepcion", "status": "active"},
{"city_id": "cr-city-036", "id": "cr-area-0903", "name": "San Felipe", "slug": "san-felipe", "status": "active"},
{"city_id": "cr-city-009", "id": "cr-area-1001", "name": "Alajuela Centro", "slug": "alajuela-centro", "status": "active"},
{"city_id": "cr-city-009", "id": "cr-area-1002", "name": "Carrizal", "slug": "carrizal", "status": "active"},
{"city_id": "cr-city-009", "id": "cr-area-1003", "name": "San Jos\u00e9 de Alajuela", "slug": "san-jose-de-alajuela", "status": "active"},
{"city_id": "cr-city-009", "id": "cr-area-1004", "name": "El Coyol", "slug": "el-coyol", "status": "active"},
{"city_id": "cr-city-010", "id": "cr-area-1101", "name": "San Ram\u00f3n Centro", "slug": "san-ramon-centro", "status": "active"},
{"city_id": "cr-city-010", "id": "cr-area-1102", "name": "San Juan", "slug": "san-juan", "status": "active"},
{"city_id": "cr-city-010", "id": "cr-area-1103", "name": "Los \u00c1ngeles", "slug": "los-angeles", "status": "active"},
{"city_id": "cr-city-011", "id": "cr-area-1201", "name": "Grecia Centro", "slug": "grecia-centro", "status": "active"},
{"city_id": "cr-city-011", "id": "cr-area-1202", "name": "San Roque", "slug": "san-roque", "status": "active"},
{"city_id": "cr-city-011", "id": "cr-area-1203", "name": "Tacares", "slug": "tacares", "status": "active"},
{"city_id": "cr-city-039", "id": "cr-area-1204", "name": "Pejibaye", "slug": "pejibaye", "status": "active"},
{"city_id": "cr-city-012", "id": "cr-area-1301", "name": "Atenas Centro", "slug": "atenas-centro", "status": "active"},
{"city_id": "cr-city-012", "id": "cr-area-1302", "name": "Jes\u00fas", "slug": "jesus", "status": "active"},
{"city_id": "cr-city-012", "id": "cr-area-1303", "name": "Mercedes", "slug": "mercedes", "status": "active"},
{"city_id": "cr-city-013", "id": "cr-area-1401", "name": "Ciudad Quesada", "slug": "ciudad-quesada", "status": "active"},
{"city_id": "cr-city-013", "id": "cr-area-1402", "name": "La Fortuna", "slug": "la-fortuna", "status": "active"},
{"city_id": "cr-city-013", "id": "cr-area-1403", "name": "Aguas Zarcas", "slug": "aguas-zarcas", "status": "active"},
{"city_id": "cr-city-013", "id": "cr-area-1404", "name": "Venecia", "slug": "venecia", "status": "active"},
{"city_id": "cr-city-014", "id": "cr-area-1501", "name": "Orotina Centro", "slug": "orotina-centro", "status": "active"},
{"city_id": "cr-city-014", "id": "cr-area-1502", "name": "Mastate", "slug": "mastate", "status": "active"},
{"city_id": "cr-city-040", "id": "cr-area-1601", "name": "Naranjo Centro", "slug": "naranjo-centro", "status": "active"},
{"city_id": "cr-city-040", "id": "cr-area-1602", "name": "San Miguel", "slug": "san-miguel", "status": "active"},
{"city_id": "cr-city-041", "id": "cr-area-1701", "name": "Palmares Centro", "slug": "palmares-centro", "status": "active"},
{"city_id": "cr-city-041", "id": "cr-area-1702", "name": "Zaragoza", "slug": "zaragoza", "status": "active"},
{"city_id": "cr-city-015", "id": "cr-area-1801", "name": "Oriental", "slug": "oriental", "status": "active"},
{"city_id": "cr-city-015", "id": "cr-area-1802", "name": "Occidental", "slug": "occidental", "status": "active"},
{"city_id": "cr-city-015", "id": "cr-area-1803", "name": "El Carmen", "slug": "el-carmen", "status": "active"},
{"city_id": "cr-city-015", "id": "cr-area-1804", "name": "San Nicol\u00e1s", "slug": "san-nicolas", "status": "active"},
{"city_id": "cr-city-015", "id": "cr-area-1805", "name": "Dulce Nombre", "slug": "dulce-nombre", "status": "active"},
{"city_id": "cr-city-016", "id": "cr-area-1901", "name": "Para\u00edso Centro", "slug": "paraiso-centro", "status": "active"},
{"city_id": "cr-city-016", "id": "cr-area-1902", "name": "Santiago", "slug": "santiago", "status": "active"},
{"city_id": "cr-city-016", "id": "cr-area-1903", "name": "Orosi", "slug": "orosi", "status": "active"},
{"city_id": "cr-city-016", "id": "cr-area-1904", "name": "Cach\u00ed", "slug": "cachi", "status": "active"},
{"city_id": "cr-city-023", "id": "cr-area-2001", "name": "Liberia Centro", "slug": "liberia-centro", "status": "active"},
{"city_id": "cr-city-023", "id": "cr-area-2002", "name": "Ca\u00f1as Dulces", "slug": "canas-dulces", "status": "active"},
{"city_id": "cr-city-023", "id": "cr-area-2003", "name": "Curuband\u00e9", "slug": "curubande", "status": "active"},
{"city_id": "cr-city-017", "id": "cr-area-2004", "name": "Concepci\u00f3n", "slug": "concepcion", "status": "active"},
{"city_id": "cr-city-018", "id": "cr-area-2101", "name": "Turrialba Centro", "slug": "turrialba-centro", "status": "active"},
{"city_id": "cr-city-018", "id": "cr-area-2102", "name": "La Suiza", "slug": "la-suiza", "status": "active"},
{"city_id": "cr-city-018", "id": "cr-area-2103", "name": "Santa Rosa", "slug": "santa-rosa", "status": "active"},
{"city_id": "cr-city-018", "id": "cr-area-2104", "name": "Pejibaye", "slug": "pejibaye", "status": "active"},
{"city_id": "cr-city-045", "id": "cr-area-2201", "name": "San Rafael", "slug": "san-rafael", "status": "active"},
{"city_id": "cr-city-045", "id": "cr-area-2202", "name": "Cot", "slug": "cot", "status": "active"},
{"city_id": "cr-city-045", "id": "cr-area-2203", "name": "Potrero Cerrado", "slug": "potrero-cerrado", "status": "active"},
{"city_id": "cr-city-046", "id": "cr-area-2301", "name": "Juan Vi\u00f1as", "slug": "juan-vinas", "status": "active"},
{"city_id": "cr-city-046", "id": "cr-area-2302", "name": "Tucurrique", "slug": "tucurrique", "status": "active"},
{"city_id": "cr-city-046", "id": "cr-area-2303", "name": "Pejibaye", "slug": "pejibaye", "status": "active"},
{"city_id": "cr-city-047", "id": "cr-area-2401", "name": "Pacayas", "slug": "pacayas", "status": "active"},
{"city_id": "cr-city-047", "id": "cr-area-2402", "name": "Capellades", "slug": "capellades", "status": "active"},
{"city_id": "cr-city-047", "id": "cr-area-2403", "name": "Cervantes", "slug": "cervantes", "status": "active"},
{"city_id": "cr-city-019", "id": "cr-area-2501", "name": "Mercedes", "slug": "mercedes", "status": "active"},
{"city_id": "cr-city-019", "id": "cr-area-2502", "name": "San Francisco", "slug": "san-francisco", "status": "active"},
{"city_id": "cr-city-019", "id": "cr-area-2503", "name": "Ulloa", "slug": "ulloa", "status": "active"},
{"city_id": "cr-city-020", "id": "cr-area-2601", "name": "La Ribera", "slug": "la-ribera", "status": "active"},
{"city_id": "cr-city-020", "id": "cr-area-2602", "name": "San Antonio", "slug": "san-antonio", "status": "active"},
{"city_id": "cr-city-020", "id": "cr-area-2603", "name": "Asunci\u00f3n", "slug": "asuncion", "status": "active"},
{"city_id": "cr-city-021", "id": "cr-area-2701", "name": "Santo Domingo Centro", "slug": "santo-domingo-centro", "status": "active"},
{"city_id": "cr-city-021", "id": "cr-area-2702", "name": "Paracito", "slug": "paracito", "status": "active"},
{"city_id": "cr-city-021", "id": "cr-area-2703", "name": "San Vicente", "slug": "san-vicente", "status": "active"},
{"city_id": "cr-city-022", "id": "cr-area-2801", "name": "Puerto Viejo", "slug": "puerto-viejo", "status": "active"},
{"city_id": "cr-city-022", "id": "cr-area-2802", "name": "La Virgen", "slug": "la-virgen", "status": "active"},
{"city_id": "cr-city-022", "id": "cr-area-2803", "name": "Horquetas", "slug": "horquetas", "status": "active"},
{"city_id": "cr-city-048", "id": "cr-area-2901", "name": "San Isidro Centro", "slug": "san-isidro-centro", "status": "active"},
{"city_id": "cr-city-048", "id": "cr-area-2902", "name": "Concepci\u00f3n", "slug": "concepcion", "status": "active"},
{"city_id": "cr-city-027", "id": "cr-area-3001", "name": "Puntarenas Centro", "slug": "puntarenas-centro", "status": "active"},
{"city_id": "cr-city-027", "id": "cr-area-3002", "name": "Barranca", "slug": "barranca", "status": "active"},
{"city_id": "cr-city-027", "id": "cr-area-3003", "name": "El Roble", "slug": "el-roble", "status": "active"},
{"city_id": "cr-city-027", "id": "cr-area-3004", "name": "Chacarita", "slug": "chacarita", "status": "active"},
{"city_id": "cr-city-027", "id": "cr-area-3005", "name": "Pitahaya", "slug": "pitahaya", "status": "active"},
{"city_id": "cr-city-027", "id": "cr-area-3006", "name": "Isla del Coco", "slug": "isla-del-coco", "status": "active"},
{"city_id": "cr-city-050", "id": "cr-area-3101", "name": "Santa B\u00e1rbara Centro", "slug": "santa-barbara-centro", "status": "active"},
{"city_id": "cr-city-050", "id": "cr-area-3102", "name": "San Juan", "slug": "san-juan", "status": "active"},
{"city_id": "cr-city-050", "id": "cr-area-3103", "name": "Jes\u00fas", "slug": "jesus", "status": "active"},
{"city_id": "cr-city-028", "id": "cr-area-3301", "name": "Quepos Centro", "slug": "quepos-centro", "status": "active"},
{"city_id": "cr-city-028", "id": "cr-area-3302", "name": "Savegre", "slug": "savegre", "status": "active"},
{"city_id": "cr-city-028", "id": "cr-area-3303", "name": "Naranjito", "slug": "naranjito", "status": "active"},
{"city_id": "cr-city-030", "id": "cr-area-3501", "name": "Golfito Centro", "slug": "golfito-centro", "status": "active"},
{"city_id": "cr-city-030", "id": "cr-area-3502", "name": "Guaycar\u00e1", "slug": "guaycara", "status": "active"},
{"city_id": "cr-city-030", "id": "cr-area-3503", "name": "Pav\u00f3n", "slug": "pavon", "status": "active"},
{"city_id": "cr-city-055", "id": "cr-area-3601", "name": "Buenos Aires Centro", "slug": "buenos-aires-centro", "status": "active"},
{"city_id": "cr-city-055", "id": "cr-area-3602", "name": "Boruca", "slug": "boruca", "status": "active"},
{"city_id": "cr-city-055", "id": "cr-area-3603", "name": "Brunka", "slug": "brunka", "status": "active"},
{"city_id": "cr-city-056", "id": "cr-area-3701", "name": "San Vito", "slug": "san-vito", "status": "active"},
{"city_id": "cr-city-056", "id": "cr-area-3702", "name": "Sabalito", "slug": "sabalito", "status": "active"},
{"city_id": "cr-city-057", "id": "cr-area-3801", "name": "Palmar Norte", "slug": "palmar-norte", "status": "active"},
{"city_id": "cr-city-057", "id": "cr-area-3802", "name": "Sierpe", "slug": "sierpe", "status": "active"},
{"city_id": "cr-city-058", "id": "cr-area-3901", "name": "Paso Canoas", "slug": "paso-canoas", "status": "active"},
{"city_id": "cr-city-058", "id": "cr-area-3902", "name": "Laurel", "slug": "laurel", "status": "active"},
{"city_id": "cr-city-031", "id": "cr-area-4001", "name": "Lim\u00f3n Centro", "slug": "limon-centro", "status": "active"},
{"city_id": "cr-city-031", "id": "cr-area-4002", "name": "Mo\u00edn", "slug": "moin", "status": "active"},
{"city_id": "cr-city-031", "id": "cr-area-4003", "name": "Bata\u00e1n", "slug": "bataan", "status": "active"},
{"city_id": "cr-city-031", "id": "cr-area-4004", "name": "R\u00edo Blanco", "slug": "rio-blanco", "status": "active"},
{"city_id": "cr-city-031", "id": "cr-area-4005", "name": "Valle La Estrella", "slug": "valle-la-estrella", "status": "active"},
{"city_id": "cr-city-032", "id": "cr-area-4101", "name": "Siquirres Centro", "slug": "siquirres-centro", "status": "active"},
{"city_id": "cr-city-032", "id": "cr-area-4102", "name": "Pacuarito", "slug": "pacuarito", "status": "active"},
{"city_id": "cr-city-024", "id": "cr-area-4106", "name": "Bel\u00e9n de Nosarita", "slug": "belen-de-nosarita", "status": "active"},
{"city_id": "cr-city-024", "id": "cr-area-4107", "name": "Garza", "slug": "garza", "status": "active"},
{"city_id": "cr-city-025", "id": "cr-area-4206", "name": "Diri\u00e1", "slug": "diria", "status": "active"},
{"city_id": "cr-city-025", "id": "cr-area-4207", "name": "Cabo Velas", "slug": "cabo-velas", "status": "active"},
{"city_id": "cr-city-025", "id": "cr-area-4208", "name": "Cartagena", "slug": "cartagena", "status": "active"},
{"city_id": "cr-city-059", "id": "cr-area-4401", "name": "Matina Centro", "slug": "matina-centro", "status": "active"},
{"city_id": "cr-city-060", "id": "cr-area-4501", "name": "Bribr\u00ed", "slug": "bribri", "status": "active"},
{"city_id": "cr-city-060", "id": "cr-area-4502", "name": "Sixaola", "slug": "sixaola", "status": "active"},
{"city_id": "cr-city-052", "id": "cr-area-4505", "name": "Bel\u00e9n", "slug": "belen", "status": "active"},
{"city_id": "cr-city-061", "id": "cr-area-4601", "name": "Gu\u00e1cimo Centro", "slug": "guacimo-centro", "status": "active"},
{"city_id": "cr-city-061", "id": "cr-area-4602", "name": "Roxana", "slug": "roxana", "status": "active"},
{"city_id": "cr-city-053", "id": "cr-area-4604", "name": "Matamb\u00fa", "slug": "matambu", "status": "active"},
{"city_id": "cr-city-054", "id": "cr-area-4704", "name": "San Pablo", "slug": "san-pablo", "status": "active"},
{"city_id": "cr-city-001", "id": "e725fc8d-a357-4d49-8196-48405dcc82af", "name": "Cinco Esquinas", "slug": "cinco-esquinas", "status": "active"},
{"city_id": "cr-city-001", "id": "ee6eab29-6ea9-40d3-b015-c6c70d79b97f", "name": "San Francisco", "slug": "san-francisco", "status": "active"},
{"city_id": "cr-city-001", "id": "fad17cab-81bf-4b72-8e8c-a08b6bbf39ac", "name": "Catedral", "slug": "catedral", "status": "active"}
]
