[
{"country": "Costa Rica", "id": "cr-city-001", "name": "San Jos\u00e9", "slug": "san-jose", "state": "San Jos\u00e9", "status": "active"},
{"country": "Costa Rica", "id": "cr-city-002", "name": "Escaz\u00fa", "slug": "escazu", "state": "San Jos\u00e9", "status": "active"},
{"country": "Costa Rica", "id": "cr-city-003", "name": "Desamparados", "slug": "desamparados", "state": "San Jos\u00e9", "status": "active"},
{"country": "Costa Rica", "id": "cr-city-004", "name": "Curridabat", "slug": "curridabat", "state": "San Jos\u00e9", "status": "active"},
{"country": "Costa Rica", "id": "cr-city-005", "name": "Santa Ana", "slug": "santa-ana", "state": "San Jos\u00e9", "status": "active"},
{"country": "Costa Rica", "id": "cr-city-006", "name": "Tib\u00e1s", "slug": "tibas", "state": "San Jos\u00e9", "status": "active"},
{"country": "Costa Rica", "id": "cr-city-007", "name": "Moravia", "slug": "moravia", "state": "San Jos\u00e9", "status": "active"},
{"country": "Costa Rica", "id": "cr-city-008", "name": "Goicoechea", "slug": "goicoechea", "state": "San Jos\u00e9", "status": "active"},
{"country": "Costa Rica", "id": "cr-city-009", "name": "Alajuela", "slug": "alajuela", "state": "Alajuela", "status": "active"},
{"country": "Costa Rica", "id": "cr-city-010", "name": "San Ram\u00f3n", "slug": "san-ramon", "state": "Alajuela", "status": "active"},
{"country": "Costa Rica", "id": "cr-city-011", "name": "Grecia", "slug": "grecia", "state": "Alajuela", "status": "active"},
{"country": "Costa Rica", "id": "cr-city-012", "name": "Atenas", "slug": "atenas", "state": "Alajuela", "status": "active"},
{"country": "Costa Rica", "id": "cr-city-013", "name": "San Carlos", "slug": "san-carlos", "state": "Alajuela", "status": "active"},
{"country": "Costa Rica", "id": "cr-city-014", "name": "Orotina", "slug": "orotina", "state": "Alajuela", "status": "active"},
{"country": "Costa Rica", "id": "cr-city-015", "name": "Cartago", "slug": "cartago", "state": "Cartago", "status": "active"},
{"country": "Costa Rica", "id": "cr-city-016", "name": "Para\u00edso", "slug": "paraiso", "state": "Cartago", "status": "active"},
{"country": "Costa Rica", "id": "cr-city-017", "name": "La Uni\u00f3n", "slug": "la-union", "state": "Cartago", "status": "active"},
{"country": "Costa Rica", "id": "cr-city-018", "name": "Turrialba", "slug": "turrialba", "state": "Cartago", "status": "active"},
{"country": "Costa Rica", "id": "cr-city-019", "name": "Heredia", "slug": "heredia", "state": "Heredia", "status": "active"},
{"country": "Costa Rica", "id": "cr-city-020", "name": "Bel\u00e9n", "slug": "belen", "state": "Heredia", "status": "active"},
{"country": "Costa Rica", "id": "cr-city-021", "name": "Santo Domingo", "slug": "santo-domingo", "state": "Heredia", "status": "active"},
{"country": "Costa Rica", "id": "cr-city-022", "name": "Sarapiqu\u00ed", "slug": "sarapiqui", "state": "Heredia", "status": "active"},
{"country": "Costa Rica", "id": "cr-city-023", "name": "Liberia", "slug": "liberia", "state": "Guanacaste", "status": "active"},
{"country": "Costa Rica", "id": "cr-city-024", "name": "Nicoya", "slug": "nicoya", "state": "Guanacaste", "status": "active"},
{"country": "Costa Rica", "id": "cr-city-025", "name": "Santa Cruz", "slug": "santa-cruz", "state": "Guanacaste", "status": "active"},
{"country": "Costa Rica", "id": "cr-city-026", "name": "La Cruz", "slug": "la-cruz", "state": "Guanacaste", "status": "active"},
{"country": "Costa Rica", "id": "cr-city-027", "name": "Puntarenas", "slug": "puntarenas", "state": "Puntarenas", "status": "active"},
{"country": "Costa Rica", "id": "cr-city-028", "name": "Quepos", "slug": "quepos", "state": "Puntarenas", "status": "active"},
{"country": "Costa Rica", "id": "cr-city-030", "name": "Golfito", "slug": "golfito", "state": "Puntarenas", "status": "active"},
{"country": "Costa Rica", "id": "cr-city-031", "name": "Lim\u00f3n", "slug": "limon", "state": "Lim\u00f3n", "status": "active"},
{"country": "Costa Rica", "id": "cr-city-032", "name": "Siquirres", "slug": "siquirres", "state": "Lim\u00f3n", "status": "active"},
{"country": "Costa Rica", "id": "cr-city-035", "name": "Aserr\u00ed", "slug": "aserri", "state": "San Jos\u00e9", "status": "active"},
{"country": "Costa Rica", "id": "cr-city-036", "name": "Alajuelita", "slug": "alajuelita", "state": "San Jos\u00e9", "status": "active"},
{"country": "Costa Rica", "id": "cr-city-037", "name": "Acosta", "slug": "acosta", "state": "San Jos\u00e9", "status": "active"},
{"country": "Costa Rica", "id": "cr-city-038", "name": "Dota", "slug": "dota", "state": "San Jos\u00e9", "status": "active"},
{"country": "Costa Rica", "id": "cr-city-039", "name": "P\u00e9rez Zeled\u00f3n", "slug": "perez-zeledon", "state": "San Jos\u00e9", "status": "active"},
{"country": "Costa Rica", "id": "cr-city-040", "name": "Naranjo", "slug": "naranjo", "state": "Alajuela", "status": "active"},
{"country": "Costa Rica", "id": "cr-city-041", "name": "Palmares", "slug": "palmares", "state": "Alajuela", "status": "active"},
{"country": "Costa Rica", "id": "cr-city-042", "name": "Po\u00e1s", "slug": "poas", "state": "Alajuela", "status": "active"},
{"country": "Costa Rica", "id": "cr-city-043", "name": "Upala", "slug": "upala", "state": "Alajuela", "status": "active"},
{"country": "Costa Rica", "id": "cr-city-044", "name": "Guatuso", "slug": "guatuso", "state": "Alajuela", "status": "active"},
{"country": "Costa Rica", "id": "cr-city-045", "name": "Oreamuno", "slug": "oreamuno", "state": "Cartago", "status": "active"},
{"country": "Costa Rica", "id": "cr-city-046", "name": "Jim\u00e9nez", "slug": "jimenez", "state": "Cartago", "status": "active"},
{"country": "Costa Rica", "id": "cr-city-047", "name": "Alvarado", "slug": "alvarado", "state": "Cartago", "status": "active"},
{"country": "Costa Rica", "id": "cr-city-048", "name": "San Isidro", "slug": "san-isidro", "state": "Heredia", "status": "active"},
{"country": "Costa Rica", "id": "cr-city-049", "name": "Barva", "slug": "barva", "state": "Heredia", "status": "active"},
{"country": "Costa Rica", "id": "cr-city-050", "name": "Santa B\u00e1rbara", "slug": "santa-barbara", "state": "Heredia", "status": "active"},
{"country": "Costa Rica", "id": "cr-city-051", "name": "Bagaces", "slug": "bagaces", "state": "Guanacaste", "status": "active"},
{"country": "Costa Rica", "id": "cr-city-052", "name": "Carrillo", "slug": "carrillo", "state": "Guanacaste", "status": "active"},
{"country": "Costa Rica", "id": "cr-city-053", "name": "Hojancha", "slug": "hojancha", "state": "Guanacaste", "status": "active"},
{"country": "Costa Rica", "id": "cr-city-054", "name": "Nandayure", "slug": "nandayure", "state": "Guanacaste", "status": "active"},
{"country": "Costa Rica", "id": "cr-city-055", "name": "Buenos Aires", "slug": "buenos-aires", "state": "Puntarenas", "status": "active"},
{"country": "Costa Rica", "id": "cr-city-056", "name": "Coto Brus", "slug": "coto-brus", "state": "Puntarenas", "status": "active"},
{"country": "Costa Rica", "id": "cr-city-057", "name": "Osa", "slug": "osa", "state": "Puntarenas", "status": "active"},
{"country": "Costa Rica", "id": "cr-city-058", "name": "Corredores", "slug": "corredores", "state": "Puntarenas", "status": "active"},
{"country": "Costa Rica", "id": "cr-city-059", "name": "Matina", "slug": "matina", "state": "Lim\u00f3n", "status": "active"},
{"country": "Costa Rica", "id": "cr-city-060", "name": "Talamanca", "slug": "talamanca", "state": "Lim\u00f3n", "status": "active"},
{"country": "Costa Rica", "id": "cr-city-061", "name": "Gu\u00e1cimo", "slug": "guacimo", "state": "Lim\u00f3n", "status": "active"}
]
